Block Number,Sender,Receiver,Value,Type
1000000,0x39fa8c5f2793459d6622857e7d9fbb4bd91766d3,0xc083e9947cf02b8ffc7d3090ae9aea72df98fd47,0x56bc75e2d63100000,0x0
1000000,0x32be343b94f860124dc4fee278fdcbd38c102d88,0xdf190dc7190dfba737d7777a163445b7fff16133,0x6113a84987be800,0x0
1000001,0x2a65aca4d5fc5b5c859090a6c34d164135398226,0x819f4b08e6d3baa33ba63f660baed65d2a6eb64c,0xe8e43bc79c88000,0x0
1000002,0x2910543af39aba0cd09dbb2d50200b3e800a63d2,0x9e486ad335492959c38a0740cb66c55ad30bb4f0,0xde0b6b3a7640000,0x0
1000002,0x10d5bff7879b7eb5192b3374338bb834981910a8,0xc6c764fc6c1e1211d2b4a06ef2170f660a4512fa,0xde0b6b3a7640000,0x0
1000002,0x2a65aca4d5fc5b5c859090a6c34d164135398226,0x53e0551a1e31a40855bc8e086eb8db803a625bbf,0xe861ef96aefa800,0x0
1000003,0x2a65aca4d5fc5b5c859090a6c34d164135398226,0x51033f1a1a59cb6a1bf6ca2087a53bd202ac1c83,0xe75146da77b3c00,0x0
1000004,0x120a270bbc009644e35f0bb6ab13f95b8199c4ad,0x3dc12a32a5abf477e2ec91f6218d0a96150fef99,0xe8e418daea2c000,0x0
1000004,0x2a65aca4d5fc5b5c859090a6c34d164135398226,0xf4f2c15602b084cae84ea603f75527de19705aa1,0xe7402f17acc2400,0x0
1000005,0x10d5bff7879b7eb5192b3374338bb834981910a8,0xc6c764fc6c1e1211d2b4a06ef2170f660a4512fa,0xde0b6b3a7640000,0x0
1000007,0xeb3bbb8ff3d94eb5150c75d2e15e50378b56fcdf,0x82834a93a8cf652ca6ac6129f6510d95b141abd0,0xff59ee833b30000,0x0
1000007,0x52939012f485f8a7a9a61f592ed9e2f4ba4e0473,0x08a2eeebbbb6fe689fc8724ac0e82b7bab9fe7e4,0x8bb820b6a410e478,0x0
1000007,0x125de82bb0fd5822aa62e93351067ec7ab663aa0,0xfbb1b73c4f0bda4f67dca266ce6ef42f520fbb98,0x430bffd60790c00,0x0
1000007,0x2a65aca4d5fc5b5c859090a6c34d164135398226,0x24ba6785f40f90632d7a1b01fed80bca5bb6faa7,0x10ee2512651cac00,0x0
1000007,0x2a65aca4d5fc5b5c859090a6c34d164135398226,0xc7091632c480c8ed2125ac68866a07a96031638d,0xe72487e07350400,0x0
1000008,0x2a65aca4d5fc5b5c859090a6c34d164135398226,0xb6046a76bd03474b16ad52b1fc581cd5a2465bd3,0xe71bde74b6fac00,0x0
1000010,0x2a65aca4d5fc5b5c859090a6c34d164135398226,0x9fa88512e871481291d0416ceff5b3764f840aed,0xe6beac278300800,0x0
1000010,0x2a65aca4d5fc5b5c859090a6c34d164135398226,0xd55a70c6d57d6125cb9f6588120d6a33a9dd2850,0xe6b7c3f37cd0c00,0x0
1000010,0x2a65aca4d5fc5b5c859090a6c34d164135398226,0x98c1e15922dab985fbf3271d001d1736be34c9ec,0xe6578d169f61400,0x0
1000010,0x2a65aca4d5fc5b5c859090a6c34d164135398226,0x1e550f4ecf22cbcb73da4fc090fbf5a5c748b0f1,0xe641ed64f0ad000,0x0
1000010,0x2a65aca4d5fc5b5c859090a6c34d164135398226,0x77bc21a20181bfbcd412709dbbaecf3b9fed3a34,0xe627f8432016c00,0x0
1000010,0x2a65aca4d5fc5b5c859090a6c34d164135398226,0x18043d86e3054373cc92aa88730a74247ad83a8a,0xe58b83b75c5b000,0x0
1000010,0x2a65aca4d5fc5b5c859090a6c34d164135398226,0x1f14c8687f345f99c99a5d169ffa153af7b89840,0xe5626feb9459000,0x0
1000010,0x2a65aca4d5fc5b5c859090a6c34d164135398226,0xc38db3c901b4794f950b94f022c05883aae8f5df,0xe4f828c951ef800,0x0
1000010,0xdd46b0a0b49e40f3c10960faf32e55d31af3e0ab,0xfbb1b73c4f0bda4f67dca266ce6ef42f520fbb98,0xec2a884b8a79c00,0x0
1000010,0x63a9975ba31b0b9626b34300f7f627147df1f526,0xb696c21c287ffa81f9dd79828557231c98d863c9,0x464b9d3112a4c00,0x0
1000010,0x8e68c0c9b5275fa684291304af9cafe6ceaf2772,0x8ee1192c99eeadb7a174a5fdc09e8e7421d2b6cf,0x16345785d8a0000,0x0
1000012,0x2a65aca4d5fc5b5c859090a6c34d164135398226,0xbf55eba5c61a2099a50adca264c777985d9e4baf,0xe4af37550ce4c00,0x0
1000013,0x2a65aca4d5fc5b5c859090a6c34d164135398226,0xb19d056ad01977dbf2677d106ef6097b4564d68d,0xe4897b55976f000,0x0
1000014,0x2a65aca4d5fc5b5c859090a6c34d164135398226,0xd9a4752442200135cd7aee01d36f3704e200c065,0xe472488d5e2a400,0x0
1000015,0x2a65aca4d5fc5b5c859090a6c34d164135398226,0xe5ef458d37212a06e3f59d40c454e76150ae7c32,0xe426ac9cfbaf000,0x0
1000015,0x2a65aca4d5fc5b5c859090a6c34d164135398226,0xf80cb5dc9217aa12ccd7b4be95f848023e6b638d,0xe423948d6ea4400,0x0
1000016,0x68795c4aa09d6f4ed3e5deddf8c2ad3049a601da,0x012a7f3d0f57b75a9486e15d4df4916190fddcc9,0x11662a917cff6b000,0x0
1000016,0x68795c4aa09d6f4ed3e5deddf8c2ad3049a601da,0x97beb2033e0b2eab8f807abe1bce6ac2f4c8a2e0,0x45b993625de70c00,0x0
1000017,0x2910543af39aba0cd09dbb2d50200b3e800a63d2,0xd9c4a7022acb3543826b6c1667fad470f65f262e,0x1866f670973af1b000,0x0
1000018,0x2a65aca4d5fc5b5c859090a6c34d164135398226,0x0f860411eb1e4cdf1f24acfbb67b83a907e75495,0xe36772396260000,0x0
1000018,0x2a65aca4d5fc5b5c859090a6c34d164135398226,0x423a4dbcbbbd561356fe782c72d27f549ac93183,0x192468952b8f2800,0x0
1000021,0xd55a70c6d57d6125cb9f6588120d6a33a9dd2850,0xfbb1b73c4f0bda4f67dca266ce6ef42f520fbb98,0xe67c1470ac96c00,0x0
1000021,0x2a65aca4d5fc5b5c859090a6c34d164135398226,0x8d5ad572f59fbc5bb185e4c156266d3083ea9290,0xe34f90d1ad4f400,0x0
1000023,0x42e6723a0c884e922240e56d7b618bec96f35800,0x1194e966965418c7d73a42cceeb254d875860356,0x1,0x0
1000023,0xc400b9d93a23b0be5d41ab337ad605988aef8463,0x9af09991ad63814e53ffc1bccf213ee74027608b,0x1,0x0
1000023,0xea5923f152c92767e5d3622a68548db9fbc38881,0x9af09991ad63814e53ffc1bccf213ee74027608b,0x1,0x0
1000023,0x1f93b5e75a04b225816935c3d65f552cac88a61b,0x9af09991ad63814e53ffc1bccf213ee74027608b,0x1,0x0
1000023,0x2a65aca4d5fc5b5c859090a6c34d164135398226,0xbe76a3aab5ccaca06f83d7b0a7ecea948441019a,0xe28a264ef9eac00,0x0
1000023,0x2a65aca4d5fc5b5c859090a6c34d164135398226,0x237b555850be6bff53a0698146371a2f5890a030,0xe27aa09df456000,0x0
1000023,0x26588a9301b0428d95e6fc3a5024fce8bec12d51,0x3375ee30428b2a71c428afa5e89e427905f95f7e,0x0,0x0
1000024,0x120a270bbc009644e35f0bb6ab13f95b8199c4ad,0x640d323222b99f3477339ff1639dcd66a93819fe,0xadd9f26faf0e800,0x0
1000024,0x45c1392523399c1ce21ead4ecb808606c189fac2,0xc7696b27830dd8aa4823a1cba8440c27c36adec4,0x0,0x0
1000024,0x2a65aca4d5fc5b5c859090a6c34d164135398226,0xf27b8f9e16d5b673c0a730f1994e1a588b221620,0xe2740dfaa321400,0x0
1000025,0x2a65aca4d5fc5b5c859090a6c34d164135398226,0x97cf4f197142b2c08e446c675d414a06d8706dda,0xe1dce2785d56000,0x0
1000026,0x2a65aca4d5fc5b5c859090a6c34d164135398226,0x311397b31af5cd87fcca89e82cc75fa11cea6673,0xe1d51458c0f3400,0x0
1000026,0x2910543af39aba0cd09dbb2d50200b3e800a63d2,0x62b9926103e4c753566e0807f27f3d5b842ef540,0x17295b9b464d29c000,0x0
1000027,0x2a65aca4d5fc5b5c859090a6c34d164135398226,0x0075986cb1c5125d480ffde9c8c9bbf48d7233a2,0xe13473d5ef22c00,0x0
1000027,0x97beb2033e0b2eab8f807abe1bce6ac2f4c8a2e0,0xfbb1b73c4f0bda4f67dca266ce6ef42f520fbb98,0x45b5d86a30e36c00,0x0
1000027,0xfd2681ad9a954ab2455a6079681e507bb5817448,0x983bc5be1039ef97fcf52f4d3127ccba2e648b4c,0xdc1a9b7d40dc000,0x0
1000027,0xd9c4a7022acb3543826b6c1667fad470f65f262e,0xfbb1b73c4f0bda4f67dca266ce6ef42f520fbb98,0x1866f2b59f0dee1000,0x0
1000028,0x2a65aca4d5fc5b5c859090a6c34d164135398226,0x9f6b5894fccc07a8339b5903d5a3f4b4740ad10b,0xe0d138d92a78c00,0x0
1000029,0x1c10a5aabc2555ee3027d5758c4b7b462605f972,0xf7021a4684d0263598f82c4edff8b78978718a12,0x719842f41d33,0x0
1000029,0x2a65aca4d5fc5b5c859090a6c34d164135398226,0x61a5345d9719519910e17917d0bf557b4b85f9d6,0xe093f8241957800,0x0
1000030,0x2a65aca4d5fc5b5c859090a6c34d164135398226,0x7b0b841244e56ee8784bb4f5592305857948ae8e,0xe04f02ebee9f800,0x0
1000030,0x2a65aca4d5fc5b5c859090a6c34d164135398226,0xa99fae64fe82d5eba039db9570872a7226870be3,0xe004c7b89592400,0x0
1000030,0x2a65aca4d5fc5b5c859090a6c34d164135398226,0xf9d39b090fbc6669b52606272a0cea56bdab638a,0xdffaf5e0af69800,0x0
1000030,0x2a65aca4d5fc5b5c859090a6c34d164135398226,0x30a256182b5b8039a395288c054befef939143cd,0xdfcaf29a3c0f400,0x0
1000030,0x2a65aca4d5fc5b5c859090a6c34d164135398226,0xa4fba5c740c8141d6c4469ed292bfcc8ccac774f,0xdf5a44c708e0800,0x0
1000031,0x63a9975ba31b0b9626b34300f7f627147df1f526,0x04f3a45dfc284a357412ebe3ea03f53d75ad9650,0x10d1447b0b434d00,0x0
1000031,0x63a9975ba31b0b9626b34300f7f627147df1f526,0xa7a7a7a7abf34a075ba0bebec3925ada35ecd90e,0x16216a06aebf800,0x0
1000031,0x63a9975ba31b0b9626b34300f7f627147df1f526,0xe40cd3a40a6a6dbf7908802b265b9ad2e9caab8f,0x19c14f8fafb2c00,0x0
1000031,0x63a9975ba31b0b9626b34300f7f627147df1f526,0xd51a2c2e599a13c30351546127ea25f6460a6c17,0x1c2ea25c76883000,0x0
1000032,0x63a9975ba31b0b9626b34300f7f627147df1f526,0xef2c6c46c9a3b61dde520d60090bd760216a4323,0xf56403881704480,0x0
1000032,0x63a9975ba31b0b9626b34300f7f627147df1f526,0x3b35d99d7ab76faa0417ff08321742bb1ea0b8e3,0x1e0e7ec16af4bf0,0x0
1000032,0x63a9975ba31b0b9626b34300f7f627147df1f526,0xa0d1acd66ff3eb1d13b02a4c4cf66eb4aaf7b8e2,0x16b155956e3a400,0x0
1000032,0x63a9975ba31b0b9626b34300f7f627147df1f526,0x9f279537c0d9acf278abd1d28e4b67d1ab2450fd,0x37a6e448e7ef3e0,0x0
1000032,0x63a9975ba31b0b9626b34300f7f627147df1f526,0x4c900836d1568ee6f32c146db7c2b6e5e7009a77,0x31c9b1ced0b1c00,0x0
1000032,0x63a9975ba31b0b9626b34300f7f627147df1f526,0x1f57f826caf594f7a837d9fc092456870a289365,0xb9c5c23e3d3f800,0x0
1000033,0x2a65aca4d5fc5b5c859090a6c34d164135398226,0x00bb6a0b306a56442991f4fa88cc9474c25cf107,0xde9ceed2598fc00,0x0
1000033,0x2a65aca4d5fc5b5c859090a6c34d164135398226,0x26b62bffe436a3d743447256ea90f6caa266f690,0xde6ede881a84c00,0x0
1000034,0xfbb1b73c4f0bda4f67dca266ce6ef42f520fbb98,0xfd3a935174aeb79b8d5d3935de1188e37427561f,0x3cb4e6e2d55970000,0x0
1000034,0x2a65aca4d5fc5b5c859090a6c34d164135398226,0xbde1eac811116aa7c6be060ea2a99ff349854dfb,0xde572524f1d2c00,0x0
1000034,0x2a65aca4d5fc5b5c859090a6c34d164135398226,0x6bae7a88d89998d7858ad156301e19aba9cb3ca4,0xde21bc4f6edf000,0x0
1000035,0x150976125943bd4fe8447773cd5c4565b6dbc7bc,0xeae448f97fb0cfdcdcbee16b40bf073a6557c6f1,0x12ed8bd2e127c000,0x0
1000035,0x1c10a5aabc2555ee3027d5758c4b7b462605f972,0xf914ffd253bf92586e1e4caeab1c5c41756a1fdd,0x66e8bcb6c1b5,0x0
1000035,0x2a65aca4d5fc5b5c859090a6c34d164135398226,0x5bbc8885cd987500beba7842e7dd88c4b1dfbedc,0xde0dc89689d0000,0x0
1000036,0xef2c6c46c9a3b61dde520d60090bd760216a4323,0xfbb1b73c4f0bda4f67dca266ce6ef42f520fbb98,0xf528540546ca400,0x0
1000037,0x3055e0c7bc53ee546b1393b74437de7f6169210c,0x120a270bbc009644e35f0bb6ab13f95b8199c4ad,0x17bb23f0a5eb0000,0x0
1000037,0x1f57f826caf594f7a837d9fc092456870a289365,0xfbb1b73c4f0bda4f67dca266ce6ef42f520fbb98,0xb98a12bb6d05800,0x0
1000037,0xd51a2c2e599a13c30351546127ea25f6460a6c17,0xfbb1b73c4f0bda4f67dca266ce6ef42f520fbb98,0x1c2ae76449849000,0x0
1000037,0x9f6b5894fccc07a8339b5903d5a3f4b4740ad10b,0x9b0a028eafdecde3afc0fd00b7937098388b7c8a,0xe09589565a3ec00,0x0
1000038,0xa0d1acd66ff3eb1d13b02a4c4cf66eb4aaf7b8e2,0xfbb1b73c4f0bda4f67dca266ce6ef42f520fbb98,0x1675a6129e00400,0x0
1000039,0x097009d74884ab2a9ff0100afd7a318923bbfb58,0xec1c607287b70aaf00c1b87855ecc00469c605be,0x1eab7f4a799d0000,0x0
1000040,0xce1884ddbbb8e10e4dba6e44feeec2a7e5f92f05,0x54cdee60ea9f5f1ad937b73790f9638f7d2e906e,0x14d1120d7b1600000,0x0
1000041,0x7b0b841244e56ee8784bb4f5592305857948ae8e,0xfbb1b73c4f0bda4f67dca266ce6ef42f520fbb98,0xe7b9a0185fd0c00,0x0
1000041,0x1c10a5aabc2555ee3027d5758c4b7b462605f972,0xe0e38260b70ba9c6a660a032258330d4a9f3e342,0x5c54916aa721,0x0
1000042,0x30a256182b5b8039a395288c054befef939143cd,0xfbb1b73c4f0bda4f67dca266ce6ef42f520fbb98,0xdf8f43176bd5400,0x0
1000043,0xc1088fd757594dc71ff05b7fd250a2d666235511,0x4755630c88ae7663e905639d8cf65ca3aaffc2aa,0x7ce66c50e2840000,0x0
1000048,0x1c10a5aabc2555ee3027d5758c4b7b462605f972,0x170e09c98ef19fbf137279427cecf2c871b9398b,0x51db7b084524,0x0
1000049,0x2a65aca4d5fc5b5c859090a6c34d164135398226,0x4cdb27d9cf1361a8d5a0aad300ace41a3ebd90fc,0x24e9f2af61067400,0x0
1000050,0x7fa200646216300e3dec61925aef2bcb5cb08904,,0x0,0x0
1000050,0x7fa200646216300e3dec61925aef2bcb5cb08904,0x332c1bf8eb4f2f690b3966fa584d97d041aa5e1d,0x8ac7230489e80000,0x0
1000050,0x7fa200646216300e3dec61925aef2bcb5cb08904,,0x0,0x0
1000050,0xcb937c7823f98f1d6bbc6da845bde5b91b4fc597,0xb6f1bc192a99e7e1130dd675288ad94160bf549e,0x6f05b59d3b20000,0x0
1000050,0x7fa200646216300e3dec61925aef2bcb5cb08904,0x332c1bf8eb4f2f690b3966fa584d97d041aa5e1d,0xde0b6b3a7640000,0x0
1000050,0x7fa200646216300e3dec61925aef2bcb5cb08904,0x332c1bf8eb4f2f690b3966fa584d97d041aa5e1d,0xde0b6b3a7640000,0x0
1000050,0x7fa200646216300e3dec61925aef2bcb5cb08904,0x332c1bf8eb4f2f690b3966fa584d97d041aa5e1d,0xde0b6b3a7640000,0x0
1000050,0x7fa200646216300e3dec61925aef2bcb5cb08904,0x332c1bf8eb4f2f690b3966fa584d97d041aa5e1d,0xde0b6b3a7640000,0x0
1000050,0x7fa200646216300e3dec61925aef2bcb5cb08904,0x332c1bf8eb4f2f690b3966fa584d97d041aa5e1d,0xde0b6b3a7640000,0x0
1000051,0x2a65aca4d5fc5b5c859090a6c34d164135398226,0x076bde0b8b595785df4f060ad34b689de2c52015,0x1f5a780f41974400,0x0
1000051,0xc59e0d657e7dc15e899be0855d081ec4b2f6b7a1,0x52c98d6368018cbbb9c6cbb02c694f8aed5b682f,0x124f1f0cbbde6fa0,0x0
1000052,0x7eec60cfaee923828df13b680c76a24626a46f01,0xf4a2a65669a06fce3aa332cbb3deff9f0b0d0420,0x9d908dca284c00,0x0
1000052,0xed11ceb51449d2d7cd8fa170330a714a3982cef4,0xb33919a6dfedd3e0343f746439d486571a57c72f,0x38d7ea4c68000,0x0
1000053,0x68795c4aa09d6f4ed3e5deddf8c2ad3049a601da,0x789f40d61bb6436254d5b5f9cbb8cefb76916d46,0xdeedf9ec7cb1000,0x0
1000058,0x63a9975ba31b0b9626b34300f7f627147df1f526,0xa740f7c6fb74c307df3a26d88dfb4b9db6e414ac,0x2d9cdc664c63c00,0x0
1000058,0x63a9975ba31b0b9626b34300f7f627147df1f526,0xa1bd54eddfce7f5fcbb126bea9b0b768d610c079,0x4574fd6ce1ad7400,0x0
1000059,0xea5923f152c92767e5d3622a68548db9fbc38881,0x9af09991ad63814e53ffc1bccf213ee74027608b,0x1,0x0
1000059,0x1f93b5e75a04b225816935c3d65f552cac88a61b,0x9af09991ad63814e53ffc1bccf213ee74027608b,0x1,0x0
1000059,0xc400b9d93a23b0be5d41ab337ad605988aef8463,0x9af09991ad63814e53ffc1bccf213ee74027608b,0x1,0x0
1000059,0x789f40d61bb6436254d5b5f9cbb8cefb76916d46,0xfbb1b73c4f0bda4f67dca266ce6ef42f520fbb98,0xdeb24a69ac77000,0x0
1000059,0xdbaddbae610da85fa15a9f7e279d9a9d68b05c01,0x040b6d4ec327d5306b7a9a1e588b767c5cf56c6f,0x29a2241af62c0000,0x0
1000060,0x42e6723a0c884e922240e56d7b618bec96f35800,0x1194e966965418c7d73a42cceeb254d875860356,0x1,0x0
1000062,0x63a9975ba31b0b9626b34300f7f627147df1f526,0xa034a2d302adc005e859ef8b587c746ff15903ee,0x8c241ee68b4ec00,0x0
1000062,0x26588a9301b0428d95e6fc3a5024fce8bec12d51,0x3375ee30428b2a71c428afa5e89e427905f95f7e,0x0,0x0
1000063,0x6cc531e6f06047cc3a30e63b693fe2276b36f747,0x0941d51096f0dbc5f3e12e6499566be9e08901cd,0xac771f617c74e7cd0,0x0
1000063,0x39e5574a6e9d9891adda7a521b7350f7ecfa4982,0xdd7a07ab8dcdf6621e62155ddc9f2ec6ef0e3afd,0x4a09ba3be4b58000,0x0
1000064,0xa740f7c6fb74c307df3a26d88dfb4b9db6e414ac,0xfbb1b73c4f0bda4f67dca266ce6ef42f520fbb98,0x2d612ce37c29c00,0x0
1000066,0x2910543af39aba0cd09dbb2d50200b3e800a63d2,0x19ae27e1b61445eb9f27821a5eb4b3e957319e7e,0x762220d4bc6bdd8000,0x0
1000066,0x4bb96091ee9d802ed039c4d1a5f6216f90f81b01,0xbc1192dff646182f7e90afb1756acf8c399380bf,0x44eb8b525ecd7c1c,0x0
1000068,0x237b555850be6bff53a0698146371a2f5890a030,0x32be343b94f860124dc4fee278fdcbd38c102d88,0xe23301342daa000,0x0
1000068,0x8710908977f5faa8ff9bc8cf3c0a928bf83aa873,0x32be343b94f860124dc4fee278fdcbd38c102d88,0xed065b762ee1c00,0x0
1000068,0x9fa88512e871481291d0416ceff5b3764f840aed,0x32be343b94f860124dc4fee278fdcbd38c102d88,0xe6770cbdbc54800,0x0
1000068,0xa4fba5c740c8141d6c4469ed292bfcc8ccac774f,0x32be343b94f860124dc4fee278fdcbd38c102d88,0xdf12a55d4234800,0x0
1000068,0xd9a4752442200135cd7aee01d36f3704e200c065,0x32be343b94f860124dc4fee278fdcbd38c102d88,0xe42aa923977e400,0x0
1000068,0x1e550f4ecf22cbcb73da4fc090fbf5a5c748b0f1,0x32be343b94f860124dc4fee278fdcbd38c102d88,0xe5fa4dfb2a01000,0x0
1000068,0x120a270bbc009644e35f0bb6ab13f95b8199c4ad,0x0093c3700a3e80cb590afd9be53336c9c20f1fbc,0x3d4e1aa98c2400,0x0
1000069,0x51033f1a1a59cb6a1bf6ca2087a53bd202ac1c83,0x32be343b94f860124dc4fee278fdcbd38c102d88,0xe709a770b107c00,0x0
1000069,0xa99fae64fe82d5eba039db9570872a7226870be3,0x32be343b94f860124dc4fee278fdcbd38c102d88,0xdfbd284ecee6400,0x0
1000069,0x5d65e227f4e7bc798cf62526f4bdd47c82e6a590,0x32be343b94f860124dc4fee278fdcbd38c102d88,0xeaee378b1f74c00,0x0
1000069,0xf4f2c15602b084cae84ea603f75527de19705aa1,0x32be343b94f860124dc4fee278fdcbd38c102d88,0xe6f88fade616400,0x0
1000069,0x5bbc8885cd987500beba7842e7dd88c4b1dfbedc,0x32be343b94f860124dc4fee278fdcbd38c102d88,0xddc6292cc324000,0x0
1000069,0xb19d056ad01977dbf2677d106ef6097b4564d68d,0x32be343b94f860124dc4fee278fdcbd38c102d88,0xe441dbebd0c3000,0x0
1000069,0xb6046a76bd03474b16ad52b1fc581cd5a2465bd3,0x32be343b94f860124dc4fee278fdcbd38c102d88,0xe6d43f0af04ec00,0x0
1000069,0x98c1e15922dab985fbf3271d001d1736be34c9ec,0x32be343b94f860124dc4fee278fdcbd38c102d88,0xe60fedacd8b5400,0x0
1000069,0x97cf4f197142b2c08e446c675d414a06d8706dda,0x32be343b94f860124dc4fee278fdcbd38c102d88,0xe195430e96aa000,0x0
1000070,0x82834a93a8cf652ca6ac6129f6510d95b141abd0,0x32be343b94f860124dc4fee278fdcbd38c102d88,0xff124f197484000,0x0
1000070,0x26b62bffe436a3d743447256ea90f6caa266f690,0x32be343b94f860124dc4fee278fdcbd38c102d88,0xde273f1e53d8c00,0x0
1000071,0x5275c3371ece4d4a5b1e14cf6dbfc2277d58ef92,0x32be343b94f860124dc4fee278fdcbd38c102d88,0xe8f707399882000,0x0
1000071,0x6bae7a88d89998d7858ad156301e19aba9cb3ca4,0x32be343b94f860124dc4fee278fdcbd38c102d88,0xddda1ce5a833000,0x0
1000071,0x24ba6785f40f90632d7a1b01fed80bca5bb6faa7,0x32be343b94f860124dc4fee278fdcbd38c102d88,0x10e9ab1bc8b1ec00,0x0
1000071,0x012a7f3d0f57b75a9486e15d4df4916190fddcc9,0x32be343b94f860124dc4fee278fdcbd38c102d88,0x1165e2f21338be000,0x0
1000071,0x53e0551a1e31a40855bc8e086eb8db803a625bbf,0x32be343b94f860124dc4fee278fdcbd38c102d88,0xe81a502ce84e800,0x0
1000071,0x2db7345f4ef5d5d1450c2aa7bbc1d1da97abb80d,0x32be343b94f860124dc4fee278fdcbd38c102d88,0xecc00a98d4be800,0x0
1000071,0xd2e498417efb606ef19d85855baef78f4b500c5d,0x4615cc10092b514258577dafca98c142577f1578,0x0,0x0
1000071,0x7fa200646216300e3dec61925aef2bcb5cb08904,0x332c1bf8eb4f2f690b3966fa584d97d041aa5e1d,0xde0b6b3a7640000,0x0
1000073,0xf80cb5dc9217aa12ccd7b4be95f848023e6b638d,0x32be343b94f860124dc4fee278fdcbd38c102d88,0xe3dbf523a7f8400,0x0
1000073,0xeae448f97fb0cfdcdcbee16b40bf073a6557c6f1,0x32be343b94f860124dc4fee278fdcbd38c102d88,0x12e911dc44bd0000,0x0
1000073,0x54cdee60ea9f5f1ad937b73790f9638f7d2e906e,0x32be343b94f860124dc4fee278fdcbd38c102d88,0x14d0ca6e114f54000,0x0
1000073,0xb9a8251c09a914fb01b10d11731d10a76ce6ecbb,0x32be343b94f860124dc4fee278fdcbd38c102d88,0x1c57500ead1e0800,0x0
1000073,0x819f4b08e6d3baa33ba63f660baed65d2a6eb64c,0x32be343b94f860124dc4fee278fdcbd38c102d88,0xe89c9c5dd5dc000,0x0
1000073,0x78b24a8d8752c89efdc6ac4acd0ff2d29f02202b,0x32be343b94f860124dc4fee278fdcbd38c102d88,0xec4342f5d515c00,0x0
1000073,0x0f860411eb1e4cdf1f24acfbb67b83a907e75495,0x32be343b94f860124dc4fee278fdcbd38c102d88,0xe31fd2cf9bb4000,0x0
1000073,0xc7091632c480c8ed2125ac68866a07a96031638d,0x32be343b94f860124dc4fee278fdcbd38c102d88,0xe6dce876aca4400,0x0
1000073,0x2910543af39aba0cd09dbb2d50200b3e800a63d2,0x006ee0953c7bb75ca6de27f58b5512390b1c4d6a,0x11c37937e08000,0x0
1000074,0x0941d51096f0dbc5f3e12e6499566be9e08901cd,0x32be343b94f860124dc4fee278fdcbd38c102d88,0xac76d7c2000de0000,0x0
1000074,0xf27b8f9e16d5b673c0a730f1994e1a588b221620,0x32be343b94f860124dc4fee278fdcbd38c102d88,0xe22c6e90dc75400,0x0
1000074,0x08a2eeebbbb6fe689fc8724ac0e82b7bab9fe7e4,0x32be343b94f860124dc4fee278fdcbd38c102d88,0x8bb3a6beae369000,0x0
1000074,0xbf55eba5c61a2099a50adca264c777985d9e4baf,0x32be343b94f860124dc4fee278fdcbd38c102d88,0xe46797eb4638c00,0x0
1000074,0x61a5345d9719519910e17917d0bf557b4b85f9d6,0x32be343b94f860124dc4fee278fdcbd38c102d88,0xe04c58ba52ab800,0x0
1000074,0x04f3a45dfc284a357412ebe3ea03f53d75ad9650,0x32be343b94f860124dc4fee278fdcbd38c102d88,0x10ccca846ed88c00,0x0
1000074,0xe40cd3a40a6a6dbf7908802b265b9ad2e9caab8f,0x32be343b94f860124dc4fee278fdcbd38c102d88,0xeddd56a8d6c9800,0x0
1000074,0x77bc21a20181bfbcd412709dbbaecf3b9fed3a34,0x32be343b94f860124dc4fee278fdcbd38c102d88,0xe5e058d9596ac00,0x0
1000074,0xbde1eac811116aa7c6be060ea2a99ff349854dfb,0x32be343b94f860124dc4fee278fdcbd38c102d88,0xde0f85bb2b26c00,0x0
1000074,0x1c51bf013add0857c5d9cf2f71a7f15ca93d4816,0x32be343b94f860124dc4fee278fdcbd38c102d88,0xe8d0254745db400,0x0
1000074,0x0093c3700a3e80cb590afd9be53336c9c20f1fbc,0x9b0a028eafdecde3afc0fd00b7937098388b7c8a,0x3993227c888400,0x0
1000077,0x040b6d4ec327d5306b7a9a1e588b767c5cf56c6f,,0x0,0x0
1000080,0x32be343b94f860124dc4fee278fdcbd38c102d88,0x1d6375e663650c4478372cc8fd1898e6d901392a,0x12f91642ac6af70000,0x0
1000080,0x32be343b94f860124dc4fee278fdcbd38c102d88,0x62b9926103e4c753566e0807f27f3d5b842ef540,0x410b1ffaf9a8b0000,0x0
1000080,0x32be343b94f860124dc4fee278fdcbd38c102d88,0x9cd5130d2a71d0d2db8ab80c5277238ec3c4373b,0x15aef9f1c31c7f0000,0x0
1000080,0x32be343b94f860124dc4fee278fdcbd38c102d88,0xd2e269e23ed874b5a8aeb2aa3d3b319d787865d9,0x56bc75e2d63100000,0x0
1000080,0x32be343b94f860124dc4fee278fdcbd38c102d88,0x9cd5130d2a71d0d2db8ab80c5277238ec3c4373b,0x1a031e21b2df70000,0x0
1000080,0x32be343b94f860124dc4fee278fdcbd38c102d88,0xa34b4b00b5b9f33fdb3bb2f66e4c88ebf00a4ffc,0x4be4c39f88fb200000,0x0
1000080,0x32be343b94f860124dc4fee278fdcbd38c102d88,0xa34b4b00b5b9f33fdb3bb2f66e4c88ebf00a4ffc,0x56ba3d73af34f0000,0x0
1000080,0x9fdb784103dd6679c5d42b8091a880c3ecb7fe33,0xb72e3f6aae2b710b841757c0be37861e30db4e07,0x16345785d8a0000,0x0
1000080,0xcb937c7823f98f1d6bbc6da845bde5b91b4fc597,0xd97deda68eed0edec228504aeb87496666224e8f,0xa4502144dca0000,0x0
1000085,0x63a9975ba31b0b9626b34300f7f627147df1f526,0xff5c59f0d02627c57ca5604fcfa76fe9ac3ed80d,0x1bd111ba10cc6100,0x0
1000086,0x63a9975ba31b0b9626b34300f7f627147df1f526,0x2dbaacbd96989d8a64c466baa82db1fa2d1b016b,0xde1be6fe2485800,0x0
1000086,0x63a9975ba31b0b9626b34300f7f627147df1f526,0x4c900836d1568ee6f32c146db7c2b6e5e7009a77,0x349fe6ac8a66c00,0x0
1000086,0x2910543af39aba0cd09dbb2d50200b3e800a63d2,0x1a303be27a6cd81ed51877b7b86df2267806a09b,0x2e580d291279918000,0x0
1000086,0x63a9975ba31b0b9626b34300f7f627147df1f526,0x7941d6f0fec0b904a257579fa04888db8cc8bf06,0x3aa6ccba19a4c00,0x0
1000086,0x9fdb784103dd6679c5d42b8091a880c3ecb7fe33,0xb72e3f6aae2b710b841757c0be37861e30db4e07,0x71afd498d0000,0x0
1000087,0x58a86d6c80e364bf064f9d3e08c1888b378e68d8,0x83fbcebb0d815ee98e4ce14010249a208dfb8621,0x4563918244f40000,0x0
1000087,0x7fa200646216300e3dec61925aef2bcb5cb08904,0x332c1bf8eb4f2f690b3966fa584d97d041aa5e1d,0xb0130e075bc4c0000,0x0
1000089,0x58a86d6c80e364bf064f9d3e08c1888b378e68d8,0x2bdf59bed25d9acf9884388f58978b103863f449,0x29a2241af62c0000,0x0
1000089,0x4bb96091ee9d802ed039c4d1a5f6216f90f81b01,0x13e159a44204140e075fc4994aaf34d46408cc5d,0x44b5a0318a70a41c,0x0
1000091,0x8033c2ecdf3fccab1034c7b055a8fc21a6169928,0x15d1f6f373e8672ae914d45d0660233e7c355299,0x8a8e4b1a3d8000,0x0
1000091,0x68795c4aa09d6f4ed3e5deddf8c2ad3049a601da,0xdae787ec66e65c60ad35203800b97b45fcb0f909,0x2b95e545830d9a000,0x0
1000091,0x68795c4aa09d6f4ed3e5deddf8c2ad3049a601da,0x8ed2dd2b7060900216482a0c57c561d1b3a797a1,0xde3c5367ba99800,0x0
1000091,0x68795c4aa09d6f4ed3e5deddf8c2ad3049a601da,0xadc46d280b57549324edd54f78acdf7579cb031c,0xf636313cf7edc00,0x0
1000093,0x056507108fe6d30189eccd6cd7f4fad56eeef622,0x27775ecfdd4ba827f8cb0d2c3db55df9f9d530cd,0x3599dc473daac3,0x0
1000093,0x7941d6f0fec0b904a257579fa04888db8cc8bf06,0xfbb1b73c4f0bda4f67dca266ce6ef42f520fbb98,0x3a6b255d7308c00,0x0
1000093,0x120a270bbc009644e35f0bb6ab13f95b8199c4ad,0x9941d89e3c5b3178033ae579040eb9ead388f5ad,0xde0b6b3a7640000,0x0
1000094,0x120a270bbc009644e35f0bb6ab13f95b8199c4ad,0x8795d9429f86161f72ee009c001e0aa2c09462e6,0xad78ebc5ac6200000,0x0
1000094,0x120a270bbc009644e35f0bb6ab13f95b8199c4ad,0x28039777910b440a6f4a61247b44d1e796708a8d,0x3795f534a0c08400,0x0
1000094,0x120a270bbc009644e35f0bb6ab13f95b8199c4ad,0x9d72354fda3e2bcb4d23d1cf9d0c0385d1ab08fd,0x1458c87b734c28800,0x0
1000095,0xea5923f152c92767e5d3622a68548db9fbc38881,0x9af09991ad63814e53ffc1bccf213ee74027608b,0x1,0x0
1000095,0xc400b9d93a23b0be5d41ab337ad605988aef8463,0x9af09991ad63814e53ffc1bccf213ee74027608b,0x1,0x0
1000095,0x1f93b5e75a04b225816935c3d65f552cac88a61b,0x9af09991ad63814e53ffc1bccf213ee74027608b,0x1,0x0
1000095,0x58a86d6c80e364bf064f9d3e08c1888b378e68d8,0x32f45cf400d02fe1ea9fca8f080926eb924a0058,0x1bc16d674ec80000,0x0
1000096,0x42e6723a0c884e922240e56d7b618bec96f35800,0x1194e966965418c7d73a42cceeb254d875860356,0x1,0x0
1000097,0x13e159a44204140e075fc4994aaf34d46408cc5d,0x32be343b94f860124dc4fee278fdcbd38c102d88,0x44b1263aee02b800,0x0
1000097,0x2a65aca4d5fc5b5c859090a6c34d164135398226,0x2b5c412bce54d17cc805f928e1dff4a42ff370c7,0x5f7a0089eb984b400,0x0
1000097,0x58a86d6c80e364bf064f9d3e08c1888b378e68d8,0xde9f73e96c5e64a1f3cdf0fad51578eb44fce0d0,0xde0b6b3a7640000,0x0
1000097,0x26588a9301b0428d95e6fc3a5024fce8bec12d51,0x3375ee30428b2a71c428afa5e89e427905f95f7e,0x0,0x0
1000098,0xff5c59f0d02627c57ca5604fcfa76fe9ac3ed80d,0x32be343b94f860124dc4fee278fdcbd38c102d88,0x1bcc97c37461a000,0x0
1000098,0x19ae27e1b61445eb9f27821a5eb4b3e957319e7e,0x32be343b94f860124dc4fee278fdcbd38c102d88,0x76221c5ac5cf740000,0x0
1000099,0x2dbaacbd96989d8a64c466baa82db1fa2d1b016b,0x32be343b94f860124dc4fee278fdcbd38c102d88,0xddd447945dd9800,0x0
1000099,0x52c98d6368018cbbb9c6cbb02c694f8aed5b682f,0x32be343b94f860124dc4fee278fdcbd38c102d88,0x124aa51731f10000,0x0
1000099,0xdae787ec66e65c60ad35203800b97b45fcb0f909,0x32be343b94f860124dc4fee278fdcbd38c102d88,0x2b959da61946ee000,0x0
1000099,0x4cdb27d9cf1361a8d5a0aad300ace41a3ebd90fc,0x32be343b94f860124dc4fee278fdcbd38c102d88,0x24e578b8c49bb400,0x0
1000099,0x2a65aca4d5fc5b5c859090a6c34d164135398226,0xcb3a3acc2a80678f1a3ec72d6593ab47ccf1b8e0,0x35e3adc8fe98f1000,0x0
